<?xml version="1.0" encoding="UTF-8"?>
<export version="D">
  <design>
    <source>/media/user/data/YandexDisk/kicad_projects/manipulyator/manipulyator-v4/manipulyator-v4.sch</source>
    <date>Вс 11 авг 2019 15:09:02</date>
    <tool>Eeschema 5.1.2-f72e74a~84~ubuntu18.04.1</tool>
    <sheet number="1" name="/" tstamps="/">
      <title_block>
        <title/>
        <company/>
        <rev/>
        <date/>
        <source>manipulyator-v4.sch</source>
        <comment number="1" value=""/>
        <comment number="2" value=""/>
        <comment number="3" value=""/>
        <comment number="4" value=""/>
      </title_block>
    </sheet>
  </design>
  <components>
    <comp ref="U1">
      <value>ProMicro</value>
      <footprint>promicro:ProMicro</footprint>
      <libsource lib="promicro" part="ProMicro" description=""/>
      <sheetpath names="/" tstamps="/"/>
      <tstamp>5CC0C931</tstamp>
    </comp>
    <comp ref="D3">
      <value>oled_128x64_i2c_ssd1306</value>
      <footprint>Display:oled_128x64_i2c_ssd1306</footprint>
      <libsource lib="manipulyator-v4-rescue" part="oled_128x64_i2c_ssd1306-Display_Graphic-manipulyator-v3-rescue" description=""/>
      <sheetpath names="/" tstamps="/"/>
      <tstamp>5CC0E962</tstamp>
    </comp>
    <comp ref="R1">
      <value>4k7</value>
      <footprint>Resistor_SMD:R_0805_2012Metric_Pad1.15x1.40mm_HandSolder</footprint>
      <datasheet>~</datasheet>
      <libsource lib="Device" part="R_Small" description="Resistor, small symbol"/>
      <sheetpath names="/" tstamps="/"/>
      <tstamp>5CC0F19E</tstamp>
    </comp>
    <comp ref="D1">
      <value>1N4148</value>
      <footprint>Diode_SMD:D_MicroMELF_Hadsoldering</footprint>
      <datasheet>https://assets.nexperia.com/documents/data-sheet/1N4148_1N4448.pdf</datasheet>
      <libsource lib="Diode" part="1N4148" description="100V 0.15A standard switching diode, DO-35"/>
      <sheetpath names="/" tstamps="/"/>
      <tstamp>5CC0F48E</tstamp>
    </comp>
    <comp ref="J1">
      <value>AudioJack2_Ground_Switch</value>
      <footprint>Connector_Audio:audio-3.5mm-5pin</footprint>
      <datasheet>~</datasheet>
      <libsource lib="Connector" part="AudioJack2_Ground_Switch" description="Audio Jack, 2 Poles (Mono / TS), Grounded Sleeve, Switched Pole (Normalling)"/>
      <sheetpath names="/" tstamps="/"/>
      <tstamp>5CC1CE5B</tstamp>
    </comp>
    <comp ref="D5">
      <value>1N4148</value>
      <footprint>Diode_SMD:D_MicroMELF_Hadsoldering</footprint>
      <datasheet>https://assets.nexperia.com/documents/data-sheet/1N4148_1N4448.pdf</datasheet>
      <libsource lib="Diode" part="1N4148" description="100V 0.15A standard switching diode, DO-35"/>
      <sheetpath names="/" tstamps="/"/>
      <tstamp>5CC250FE</tstamp>
    </comp>
    <comp ref="D4">
      <value>1N4148</value>
      <footprint>Diode_SMD:D_MicroMELF_Hadsoldering</footprint>
      <datasheet>https://assets.nexperia.com/documents/data-sheet/1N4148_1N4448.pdf</datasheet>
      <libsource lib="Diode" part="1N4148" description="100V 0.15A standard switching diode, DO-35"/>
      <sheetpath names="/" tstamps="/"/>
      <tstamp>5CC254E1</tstamp>
    </comp>
    <comp ref="R2">
      <value>4k7</value>
      <footprint>Resistor_SMD:R_0805_2012Metric_Pad1.15x1.40mm_HandSolder</footprint>
      <datasheet>~</datasheet>
      <libsource lib="Device" part="R_Small" description="Resistor, small symbol"/>
      <sheetpath names="/" tstamps="/"/>
      <tstamp>5CC2EE99</tstamp>
    </comp>
    <comp ref="R3">
      <value>100</value>
      <footprint>Resistor_SMD:R_0805_2012Metric_Pad1.15x1.40mm_HandSolder</footprint>
      <datasheet>~</datasheet>
      <libsource lib="Device" part="R_Small" description="Resistor, small symbol"/>
      <sheetpath names="/" tstamps="/"/>
      <tstamp>5CC53497</tstamp>
    </comp>
    <comp ref="R4">
      <value>100</value>
      <footprint>Resistor_SMD:R_0805_2012Metric_Pad1.15x1.40mm_HandSolder</footprint>
      <datasheet>~</datasheet>
      <libsource lib="Device" part="R_Small" description="Resistor, small symbol"/>
      <sheetpath names="/" tstamps="/"/>
      <tstamp>5CC539AC</tstamp>
    </comp>
    <comp ref="U2">
      <value>NE555</value>
      <footprint>Package_SO:SOP-8_3.76x4.96mm_P1.27mm</footprint>
      <datasheet>http://www.ti.com/lit/ds/symlink/ne555.pdf</datasheet>
      <libsource lib="Timer" part="NE555" description="Precision Timers, DIP-8/SOIC-8"/>
      <sheetpath names="/" tstamps="/"/>
      <tstamp>5CC5F0C7</tstamp>
    </comp>
    <comp ref="Q1">
      <value>BC547</value>
      <footprint>Package_TO_SOT_THT:TO-92_Wide</footprint>
      <datasheet>http://www.fairchildsemi.com/ds/BC/BC547.pdf</datasheet>
      <libsource lib="Transistor_BJT" part="BC547" description="0.1A Ic, 45V Vce, Small Signal NPN Transistor, TO-92"/>
      <sheetpath names="/" tstamps="/"/>
      <tstamp>5CC65898</tstamp>
    </comp>
    <comp ref="R5">
      <value>4k7</value>
      <footprint>Resistor_SMD:R_0805_2012Metric_Pad1.15x1.40mm_HandSolder</footprint>
      <datasheet>~</datasheet>
      <libsource lib="Device" part="R_Small" description="Resistor, small symbol"/>
      <sheetpath names="/" tstamps="/"/>
      <tstamp>5CC67BB1</tstamp>
    </comp>
    <comp ref="R6">
      <value>10k</value>
      <footprint>Resistor_SMD:R_0805_2012Metric_Pad1.15x1.40mm_HandSolder</footprint>
      <datasheet>~</datasheet>
      <libsource lib="Device" part="R_Small" description="Resistor, small symbol"/>
      <sheetpath names="/" tstamps="/"/>
      <tstamp>5CC68484</tstamp>
    </comp>
    <comp ref="C2">
      <value>0.1</value>
      <footprint>Capacitor_SMD:C_0805_2012Metric_Pad1.15x1.40mm_HandSolder</footprint>
      <datasheet>~</datasheet>
      <libsource lib="Device" part="C_Small" description="Unpolarized capacitor, small symbol"/>
      <sheetpath names="/" tstamps="/"/>
      <tstamp>5CC68AEB</tstamp>
    </comp>
    <comp ref="C1">
      <value>0.01</value>
      <footprint>Capacitor_SMD:C_0805_2012Metric_Pad1.15x1.40mm_HandSolder</footprint>
      <datasheet>~</datasheet>
      <libsource lib="Device" part="C_Small" description="Unpolarized capacitor, small symbol"/>
      <sheetpath names="/" tstamps="/"/>
      <tstamp>5CC69507</tstamp>
    </comp>
    <comp ref="RV1">
      <value>10k</value>
      <footprint>Potentiometer_THT:perem_resistor-step-5mm</footprint>
      <datasheet>~</datasheet>
      <libsource lib="Device" part="R_POT" description="Potentiometer"/>
      <sheetpath names="/" tstamps="/"/>
      <tstamp>5CCD4C30</tstamp>
    </comp>
    <comp ref="J2">
      <value>AudioJack2_Ground_Switch</value>
      <footprint>Connector_Audio:audio-3.5mm-5pin</footprint>
      <datasheet>~</datasheet>
      <libsource lib="Connector" part="AudioJack2_Ground_Switch" description="Audio Jack, 2 Poles (Mono / TS), Grounded Sleeve, Switched Pole (Normalling)"/>
      <sheetpath names="/" tstamps="/"/>
      <tstamp>5CC52551</tstamp>
    </comp>
    <comp ref="U3">
      <value>PC817</value>
      <footprint>Package_DIP:DIP-4_W7.62mm</footprint>
      <datasheet>http://www.soselectronic.cz/a_info/resource/d/pc817.pdf</datasheet>
      <libsource lib="Isolator" part="PC817" description="DC Optocoupler, Vce 35V, CTR 50-300%, DIP4"/>
      <sheetpath names="/" tstamps="/"/>
      <tstamp>5CC5950B</tstamp>
    </comp>
    <comp ref="U4">
      <value>PC817</value>
      <footprint>Package_DIP:DIP-4_W7.62mm</footprint>
      <datasheet>http://www.soselectronic.cz/a_info/resource/d/pc817.pdf</datasheet>
      <libsource lib="Isolator" part="PC817" description="DC Optocoupler, Vce 35V, CTR 50-300%, DIP4"/>
      <sheetpath names="/" tstamps="/"/>
      <tstamp>5CC59BA3</tstamp>
    </comp>
    <comp ref="R7">
      <value>510</value>
      <footprint>Resistor_SMD:R_0805_2012Metric_Pad1.15x1.40mm_HandSolder</footprint>
      <datasheet>~</datasheet>
      <libsource lib="Device" part="R_Small" description="Resistor, small symbol"/>
      <sheetpath names="/" tstamps="/"/>
      <tstamp>5CC5F433</tstamp>
    </comp>
    <comp ref="R8">
      <value>510</value>
      <footprint>Resistor_SMD:R_0805_2012Metric_Pad1.15x1.40mm_HandSolder</footprint>
      <datasheet>~</datasheet>
      <libsource lib="Device" part="R_Small" description="Resistor, small symbol"/>
      <sheetpath names="/" tstamps="/"/>
      <tstamp>5CC5FB1E</tstamp>
    </comp>
    <comp ref="D7">
      <value>D_Bridge_+-AA</value>
      <footprint>Package_SO:SO-4_4.4x4.3mm_P2.54mm</footprint>
      <datasheet>~</datasheet>
      <libsource lib="Device" part="D_Bridge_+-AA" description="Diode bridge, +ve/-ve/AC/AC"/>
      <sheetpath names="/" tstamps="/"/>
      <tstamp>5CC6B97D</tstamp>
    </comp>
    <comp ref="D6">
      <value>D_Bridge_+-AA</value>
      <footprint>Package_SO:SO-4_4.4x4.3mm_P2.54mm</footprint>
      <datasheet>~</datasheet>
      <libsource lib="Device" part="D_Bridge_+-AA" description="Diode bridge, +ve/-ve/AC/AC"/>
      <sheetpath names="/" tstamps="/"/>
      <tstamp>5CC6D35A</tstamp>
    </comp>
    <comp ref="J3">
      <value>AudioJack2_Ground_Switch</value>
      <footprint>Connector_Audio:audio-3.5mm-5pin</footprint>
      <datasheet>~</datasheet>
      <libsource lib="Connector" part="AudioJack2_Ground_Switch" description="Audio Jack, 2 Poles (Mono / TS), Grounded Sleeve, Switched Pole (Normalling)"/>
      <sheetpath names="/" tstamps="/"/>
      <tstamp>5CC6DBE2</tstamp>
    </comp>
    <comp ref="J4">
      <value>AudioJack2_Ground_Switch</value>
      <footprint>Connector_Audio:audio-3.5mm-5pin</footprint>
      <datasheet>~</datasheet>
      <libsource lib="Connector" part="AudioJack2_Ground_Switch" description="Audio Jack, 2 Poles (Mono / TS), Grounded Sleeve, Switched Pole (Normalling)"/>
      <sheetpath names="/" tstamps="/"/>
      <tstamp>5CC6E1BC</tstamp>
    </comp>
    <comp ref="C3">
      <value>10 uF</value>
      <footprint>Capacitor_SMD:C_0805_2012Metric_Pad1.15x1.40mm_HandSolder</footprint>
      <datasheet>~</datasheet>
      <libsource lib="Device" part="CP_Small" description="Polarized capacitor, small symbol"/>
      <sheetpath names="/" tstamps="/"/>
      <tstamp>5CE6D594</tstamp>
    </comp>
    <comp ref="RL1">
      <value>JRC-21F_4100</value>
      <footprint>Relay_THT:Relay_SPDT_HJR-4102</footprint>
      <libsource lib="manipulyator-v4-rescue" part="JRC-21F_4100-Relay" description=""/>
      <sheetpath names="/" tstamps="/"/>
      <tstamp>5CF60E89</tstamp>
    </comp>
    <comp ref="Q2">
      <value>BC547</value>
      <footprint>Package_TO_SOT_THT:TO-92_Wide</footprint>
      <datasheet>http://www.fairchildsemi.com/ds/BC/BC547.pdf</datasheet>
      <libsource lib="Transistor_BJT" part="BC547" description="0.1A Ic, 45V Vce, Small Signal NPN Transistor, TO-92"/>
      <sheetpath names="/" tstamps="/"/>
      <tstamp>5CFF000F</tstamp>
    </comp>
    <comp ref="D2">
      <value>1N4148</value>
      <footprint>Diode_SMD:D_MicroMELF_Hadsoldering</footprint>
      <datasheet>https://assets.nexperia.com/documents/data-sheet/1N4148_1N4448.pdf</datasheet>
      <libsource lib="Diode" part="1N4148" description="100V 0.15A standard switching diode, DO-35"/>
      <sheetpath names="/" tstamps="/"/>
      <tstamp>5D004568</tstamp>
    </comp>
    <comp ref="R9">
      <value>4k7</value>
      <footprint>Resistor_SMD:R_0805_2012Metric_Pad1.15x1.40mm_HandSolder</footprint>
      <datasheet>~</datasheet>
      <libsource lib="Device" part="R_Small" description="Resistor, small symbol"/>
      <sheetpath names="/" tstamps="/"/>
      <tstamp>5D01861E</tstamp>
    </comp>
    <comp ref="SW1">
      <value>Rotary_Encoder_Switch</value>
      <footprint>Rotary_Encoder:RotaryEncoder_Alps_EC11E-Switch_Vertical_H20mm</footprint>
      <datasheet>~</datasheet>
      <libsource lib="Device" part="Rotary_Encoder_Switch" description="Rotary encoder, dual channel, incremental quadrate outputs, with switch"/>
      <sheetpath names="/" tstamps="/"/>
      <tstamp>5D004B2C</tstamp>
    </comp>
    <comp ref="R12">
      <value>10k</value>
      <footprint>Resistor_SMD:R_0805_2012Metric_Pad1.15x1.40mm_HandSolder</footprint>
      <datasheet>~</datasheet>
      <libsource lib="Device" part="R_Small" description="Resistor, small symbol"/>
      <sheetpath names="/" tstamps="/"/>
      <tstamp>5D0053C1</tstamp>
    </comp>
    <comp ref="R11">
      <value>10k</value>
      <footprint>Resistor_SMD:R_0805_2012Metric_Pad1.15x1.40mm_HandSolder</footprint>
      <datasheet>~</datasheet>
      <libsource lib="Device" part="R_Small" description="Resistor, small symbol"/>
      <sheetpath names="/" tstamps="/"/>
      <tstamp>5D005CE9</tstamp>
    </comp>
    <comp ref="R10">
      <value>10k</value>
      <footprint>Resistor_SMD:R_0805_2012Metric_Pad1.15x1.40mm_HandSolder</footprint>
      <datasheet>~</datasheet>
      <libsource lib="Device" part="R_Small" description="Resistor, small symbol"/>
      <sheetpath names="/" tstamps="/"/>
      <tstamp>5D00612C</tstamp>
    </comp>
    <comp ref="J5">
      <value>Conn_01x01</value>
      <footprint>Connector_Pin:Pin_D1.0mm_L10.0mm</footprint>
      <datasheet>~</datasheet>
      <libsource lib="Connector_Generic" part="Conn_01x01" description="Generic connector, single row, 01x01, script generated (kicad-library-utils/schlib/autogen/connector/)"/>
      <sheetpath names="/" tstamps="/"/>
      <tstamp>5D093E93</tstamp>
    </comp>
  </components>
  <libparts>
    <libpart lib="Connector" part="AudioJack2_Ground_Switch">
      <description>Audio Jack, 2 Poles (Mono / TS), Grounded Sleeve, Switched Pole (Normalling)</description>
      <docs>~</docs>
      <footprints>
        <fp>Jack*</fp>
      </footprints>
      <fields>
        <field name="Reference">J</field>
        <field name="Value">AudioJack2_Ground_Switch</field>
      </fields>
      <pins>
        <pin num="G" name="~" type="passive"/>
        <pin num="S" name="~" type="passive"/>
        <pin num="SN" name="~" type="passive"/>
        <pin num="T" name="~" type="passive"/>
        <pin num="TN" name="~" type="passive"/>
      </pins>
    </libpart>
    <libpart lib="Connector_Generic" part="Conn_01x01">
      <description>Generic connector, single row, 01x01, script generated (kicad-library-utils/schlib/autogen/connector/)</description>
      <docs>~</docs>
      <footprints>
        <fp>Connector*:*</fp>
      </footprints>
      <fields>
        <field name="Reference">J</field>
        <field name="Value">Conn_01x01</field>
      </fields>
      <pins>
        <pin num="1" name="Pin_1" type="passive"/>
      </pins>
    </libpart>
    <libpart lib="Device" part="CP_Small">
      <description>Polarized capacitor, small symbol</description>
      <docs>~</docs>
      <footprints>
        <fp>CP_*</fp>
      </footprints>
      <fields>
        <field name="Reference">C</field>
        <field name="Value">CP_Small</field>
      </fields>
      <pins>
        <pin num="1" name="~" type="passive"/>
        <pin num="2" name="~" type="passive"/>
      </pins>
    </libpart>
    <libpart lib="Device" part="C_Small">
      <description>Unpolarized capacitor, small symbol</description>
      <docs>~</docs>
      <footprints>
        <fp>C_*</fp>
      </footprints>
      <fields>
        <field name="Reference">C</field>
        <field name="Value">C_Small</field>
      </fields>
      <pins>
        <pin num="1" name="~" type="passive"/>
        <pin num="2" name="~" type="passive"/>
      </pins>
    </libpart>
    <libpart lib="Device" part="D_Bridge_+-AA">
      <description>Diode bridge, +ve/-ve/AC/AC</description>
      <docs>~</docs>
      <footprints>
        <fp>D*Bridge*</fp>
        <fp>D*Rectifier*</fp>
      </footprints>
      <fields>
        <field name="Reference">D</field>
        <field name="Value">D_Bridge_+-AA</field>
      </fields>
      <pins>
        <pin num="1" name="+" type="passive"/>
        <pin num="2" name="-" type="passive"/>
        <pin num="3" name="~~" type="passive"/>
        <pin num="4" name="~~" type="passive"/>
      </pins>
    </libpart>
    <libpart lib="Device" part="R_POT">
      <description>Potentiometer</description>
      <docs>~</docs>
      <footprints>
        <fp>Potentiometer*</fp>
      </footprints>
      <fields>
        <field name="Reference">RV</field>
        <field name="Value">R_POT</field>
      </fields>
      <pins>
        <pin num="1" name="1" type="passive"/>
        <pin num="2" name="2" type="passive"/>
        <pin num="3" name="3" type="passive"/>
      </pins>
    </libpart>
    <libpart lib="Device" part="R_Small">
      <description>Resistor, small symbol</description>
      <docs>~</docs>
      <footprints>
        <fp>R_*</fp>
      </footprints>
      <fields>
        <field name="Reference">R</field>
        <field name="Value">R_Small</field>
      </fields>
      <pins>
        <pin num="1" name="~" type="passive"/>
        <pin num="2" name="~" type="passive"/>
      </pins>
    </libpart>
    <libpart lib="Device" part="Rotary_Encoder_Switch">
      <description>Rotary encoder, dual channel, incremental quadrate outputs, with switch</description>
      <docs>~</docs>
      <footprints>
        <fp>RotaryEncoder*Switch*</fp>
      </footprints>
      <fields>
        <field name="Reference">SW</field>
        <field name="Value">Rotary_Encoder_Switch</field>
      </fields>
      <pins>
        <pin num="A" name="A" type="passive"/>
        <pin num="B" name="B" type="passive"/>
        <pin num="C" name="C" type="passive"/>
        <pin num="S1" name="S1" type="passive"/>
        <pin num="S2" name="S2" type="passive"/>
      </pins>
    </libpart>
    <libpart lib="Diode" part="1N4148">
      <aliases>
        <alias>1N4448</alias>
        <alias>1N4149</alias>
        <alias>1N4151</alias>
        <alias>1N914</alias>
        <alias>BA243</alias>
        <alias>BA244</alias>
        <alias>BA282</alias>
        <alias>BA283</alias>
        <alias>BAV17</alias>
        <alias>BAV18</alias>
        <alias>BAV19</alias>
        <alias>BAV20</alias>
        <alias>BAV21</alias>
        <alias>BAW75</alias>
        <alias>BAW76</alias>
        <alias>BAY93</alias>
      </aliases>
      <description>100V 0.15A standard switching diode, DO-35</description>
      <docs>https://assets.nexperia.com/documents/data-sheet/1N4148_1N4448.pdf</docs>
      <footprints>
        <fp>D*DO?35*</fp>
      </footprints>
      <fields>
        <field name="Reference">D</field>
        <field name="Value">1N4148</field>
        <field name="Footprint">Diode_THT:D_DO-35_SOD27_P7.62mm_Horizontal</field>
      </fields>
      <pins>
        <pin num="1" name="K" type="passive"/>
        <pin num="2" name="A" type="passive"/>
      </pins>
    </libpart>
    <libpart lib="Isolator" part="PC817">
      <description>DC Optocoupler, Vce 35V, CTR 50-300%, DIP4</description>
      <docs>http://www.soselectronic.cz/a_info/resource/d/pc817.pdf</docs>
      <footprints>
        <fp>DIP*W7.62mm*</fp>
      </footprints>
      <fields>
        <field name="Reference">U</field>
        <field name="Value">PC817</field>
        <field name="Footprint">Package_DIP:DIP-4_W7.62mm</field>
      </fields>
      <pins>
        <pin num="1" name="~" type="passive"/>
        <pin num="2" name="~" type="passive"/>
        <pin num="3" name="~" type="passive"/>
        <pin num="4" name="~" type="passive"/>
      </pins>
    </libpart>
    <libpart lib="Timer" part="LM555">
      <aliases>
        <alias>ICM7555</alias>
        <alias>LMC555xM</alias>
        <alias>LMC555xMM</alias>
        <alias>LMC555xN</alias>
        <alias>MC1455</alias>
        <alias>TLC555CD</alias>
        <alias>TLC555CP</alias>
        <alias>TLC555CPS</alias>
        <alias>NA555</alias>
        <alias>NE555</alias>
        <alias>SE555</alias>
        <alias>SA555</alias>
      </aliases>
      <description>Timer, DIP-8/SOIC-8/SSOP-8</description>
      <docs>http://www.ti.com/lit/ds/symlink/lm555.pdf</docs>
      <footprints>
        <fp>SOIC*3.9x4.9mm*P1.27mm*</fp>
        <fp>DIP*W7.62mm*</fp>
        <fp>TSSOP*3x3mm*P0.65mm*</fp>
      </footprints>
      <fields>
        <field name="Reference">U</field>
        <field name="Value">LM555</field>
      </fields>
      <pins>
        <pin num="1" name="GND" type="power_in"/>
        <pin num="2" name="TR" type="input"/>
        <pin num="3" name="Q" type="output"/>
        <pin num="4" name="R" type="input"/>
        <pin num="5" name="CV" type="input"/>
        <pin num="6" name="THR" type="input"/>
        <pin num="7" name="DIS" type="input"/>
        <pin num="8" name="VCC" type="power_in"/>
      </pins>
    </libpart>
    <libpart lib="Transistor_BJT" part="BC547">
      <aliases>
        <alias>BC546</alias>
        <alias>BC548</alias>
        <alias>BC549</alias>
        <alias>BC550</alias>
        <alias>BC337</alias>
        <alias>BC338</alias>
      </aliases>
      <description>0.1A Ic, 45V Vce, Small Signal NPN Transistor, TO-92</description>
      <docs>http://www.fairchildsemi.com/ds/BC/BC547.pdf</docs>
      <footprints>
        <fp>TO?92*</fp>
      </footprints>
      <fields>
        <field name="Reference">Q</field>
        <field name="Value">BC547</field>
        <field name="Footprint">Package_TO_SOT_THT:TO-92_Inline</field>
      </fields>
      <pins>
        <pin num="1" name="C" type="passive"/>
        <pin num="2" name="B" type="input"/>
        <pin num="3" name="E" type="passive"/>
      </pins>
    </libpart>
    <libpart lib="manipulyator-v4-rescue" part="JRC-21F_4100-Relay">
      <fields>
        <field name="Reference">RL</field>
        <field name="Value">JRC-21F_4100-Relay</field>
      </fields>
      <pins>
        <pin num="1" name="com1" type="input"/>
        <pin num="5" name="A2" type="input"/>
        <pin num="6" name="nc" type="input"/>
        <pin num="7" name="no" type="input"/>
        <pin num="8" name="A1" type="input"/>
        <pin num="12" name="com2" type="input"/>
      </pins>
    </libpart>
    <libpart lib="manipulyator-v4-rescue" part="oled_128x64_i2c_ssd1306-Display_Graphic-manipulyator-v3-rescue">
      <fields>
        <field name="Reference">D</field>
        <field name="Value">oled_128x64_i2c_ssd1306-Display_Graphic-manipulyator-v3-rescue</field>
      </fields>
      <pins>
        <pin num="1" name="GND" type="power_in"/>
        <pin num="2" name="VDD" type="power_in"/>
        <pin num="3" name="SCK" type="input"/>
        <pin num="4" name="SDA" type="input"/>
      </pins>
    </libpart>
    <libpart lib="promicro" part="ProMicro">
      <fields>
        <field name="Reference">U</field>
        <field name="Value">ProMicro</field>
      </fields>
      <pins>
        <pin num="1" name="TX" type="BiDi"/>
        <pin num="2" name="RX" type="BiDi"/>
        <pin num="3" name="GND" type="power_in"/>
        <pin num="4" name="GND" type="power_in"/>
        <pin num="5" name="SDA" type="BiDi"/>
        <pin num="6" name="SCL" type="BiDi"/>
        <pin num="7" name="D4" type="BiDi"/>
        <pin num="8" name="C6" type="BiDi"/>
        <pin num="9" name="D7" type="BiDi"/>
        <pin num="10" name="E6" type="BiDi"/>
        <pin num="11" name="B4" type="BiDi"/>
        <pin num="12" name="B5" type="BiDi"/>
        <pin num="13" name="B6" type="BiDi"/>
        <pin num="14" name="B2" type="BiDi"/>
        <pin num="15" name="B3" type="BiDi"/>
        <pin num="16" name="B1" type="BiDi"/>
        <pin num="17" name="F7" type="BiDi"/>
        <pin num="18" name="F6" type="BiDi"/>
        <pin num="19" name="F5" type="BiDi"/>
        <pin num="20" name="F4" type="BiDi"/>
        <pin num="21" name="VCC" type="power_in"/>
        <pin num="22" name="RST" type="input"/>
        <pin num="23" name="GND" type="power_in"/>
        <pin num="24" name="RAW" type="power_out"/>
      </pins>
    </libpart>
  </libparts>
  <libraries>
    <library logical="Connector">
      <uri>/usr/share/kicad/library/Connector.lib</uri>
    </library>
    <library logical="Connector_Generic">
      <uri>/usr/share/kicad/library/Connector_Generic.lib</uri>
    </library>
    <library logical="Device">
      <uri>/usr/share/kicad/library/Device.lib</uri>
    </library>
    <library logical="Diode">
      <uri>/usr/share/kicad/library/Diode.lib</uri>
    </library>
    <library logical="Isolator">
      <uri>/usr/share/kicad/library/Isolator.lib</uri>
    </library>
    <library logical="Timer">
      <uri>/usr/share/kicad/library/Timer.lib</uri>
    </library>
    <library logical="Transistor_BJT">
      <uri>/usr/share/kicad/library/Transistor_BJT.lib</uri>
    </library>
    <library logical="manipulyator-v4-rescue">
      <uri>/media/user/data/YandexDisk/kicad_projects/manipulyator/manipulyator-v4/manipulyator-v4-rescue.lib</uri>
    </library>
    <library logical="promicro">
      <uri>/home/user/Загрузки/ProMicroKiCad-master/promicro_library/promicro.lib</uri>
    </library>
  </libraries>
  <nets>
    <net code="1" name="Net-(D2-Pad1)">
      <node ref="RL1" pin="5"/>
      <node ref="D2" pin="1"/>
      <node ref="J5" pin="1"/>
    </net>
    <net code="2" name="Net-(C3-Pad1)">
      <node ref="C3" pin="1"/>
      <node ref="U2" pin="3"/>
    </net>
    <net code="3" name="Net-(D7-Pad1)">
      <node ref="D7" pin="1"/>
      <node ref="U4" pin="4"/>
    </net>
    <net code="4" name="Net-(RL1-Pad6)">
      <node ref="RL1" pin="6"/>
    </net>
    <net code="5" name="Net-(D7-Pad2)">
      <node ref="D7" pin="2"/>
      <node ref="U4" pin="3"/>
    </net>
    <net code="6" name="Net-(D6-Pad1)">
      <node ref="U3" pin="4"/>
      <node ref="D6" pin="1"/>
    </net>
    <net code="7" name="Net-(D6-Pad2)">
      <node ref="U3" pin="3"/>
      <node ref="D6" pin="2"/>
    </net>
    <net code="8" name="Net-(J4-PadTN)">
      <node ref="J4" pin="TN"/>
    </net>
    <net code="9" name="Net-(J4-PadSN)">
      <node ref="J4" pin="SN"/>
    </net>
    <net code="10" name="Net-(J4-PadS)">
      <node ref="J4" pin="S"/>
    </net>
    <net code="11" name="Net-(Q2-Pad2)">
      <node ref="Q2" pin="2"/>
      <node ref="R9" pin="1"/>
    </net>
    <net code="12" name="Net-(D2-Pad2)">
      <node ref="D2" pin="2"/>
      <node ref="Q2" pin="1"/>
      <node ref="RL1" pin="8"/>
    </net>
    <net code="13" name="Net-(J3-PadTN)">
      <node ref="J3" pin="TN"/>
    </net>
    <net code="14" name="GND">
      <node ref="U1" pin="23"/>
      <node ref="J2" pin="G"/>
      <node ref="SW1" pin="C"/>
      <node ref="SW1" pin="S1"/>
      <node ref="Q1" pin="3"/>
      <node ref="U1" pin="4"/>
      <node ref="J1" pin="G"/>
      <node ref="D3" pin="1"/>
      <node ref="U1" pin="3"/>
      <node ref="C2" pin="2"/>
      <node ref="U4" pin="2"/>
      <node ref="U3" pin="2"/>
      <node ref="Q2" pin="3"/>
      <node ref="C1" pin="2"/>
    </net>
    <net code="15" name="Net-(D7-Pad3)">
      <node ref="RL1" pin="7"/>
      <node ref="D7" pin="3"/>
      <node ref="J4" pin="T"/>
    </net>
    <net code="16" name="Net-(R8-Pad1)">
      <node ref="U4" pin="1"/>
      <node ref="R8" pin="1"/>
    </net>
    <net code="17" name="Net-(R7-Pad1)">
      <node ref="U3" pin="1"/>
      <node ref="R7" pin="1"/>
    </net>
    <net code="18" name="Net-(C3-Pad2)">
      <node ref="J2" pin="S"/>
      <node ref="J2" pin="T"/>
      <node ref="C3" pin="2"/>
    </net>
    <net code="19" name="Net-(D6-Pad3)">
      <node ref="J3" pin="T"/>
      <node ref="D6" pin="3"/>
    </net>
    <net code="20" name="Net-(J3-PadSN)">
      <node ref="J3" pin="SN"/>
    </net>
    <net code="21" name="Net-(J3-PadS)">
      <node ref="J3" pin="S"/>
    </net>
    <net code="22" name="Net-(D6-Pad4)">
      <node ref="J3" pin="G"/>
      <node ref="D6" pin="4"/>
    </net>
    <net code="23" name="Net-(U1-Pad18)">
      <node ref="U1" pin="18"/>
    </net>
    <net code="24" name="Net-(U1-Pad19)">
      <node ref="U1" pin="19"/>
    </net>
    <net code="25" name="Net-(U1-Pad20)">
      <node ref="U1" pin="20"/>
    </net>
    <net code="26" name="Net-(U1-Pad22)">
      <node ref="U1" pin="22"/>
    </net>
    <net code="27" name="Net-(U1-Pad24)">
      <node ref="U1" pin="24"/>
    </net>
    <net code="28" name="Net-(U1-Pad7)">
      <node ref="U1" pin="7"/>
    </net>
    <net code="29" name="Net-(U1-Pad2)">
      <node ref="U1" pin="2"/>
    </net>
    <net code="30" name="Net-(U1-Pad1)">
      <node ref="U1" pin="1"/>
    </net>
    <net code="31" name="Net-(J2-PadTN)">
      <node ref="J2" pin="TN"/>
    </net>
    <net code="32" name="Net-(J2-PadSN)">
      <node ref="J2" pin="SN"/>
    </net>
    <net code="33" name="Net-(U1-Pad17)">
      <node ref="U1" pin="17"/>
    </net>
    <net code="34" name="Net-(J1-PadSN)">
      <node ref="J1" pin="SN"/>
    </net>
    <net code="35" name="Net-(J1-PadTN)">
      <node ref="J1" pin="TN"/>
    </net>
    <net code="36" name="Net-(D7-Pad4)">
      <node ref="RL1" pin="12"/>
      <node ref="D7" pin="4"/>
      <node ref="RL1" pin="1"/>
      <node ref="J4" pin="G"/>
    </net>
    <net code="37" name="Net-(D1-Pad1)">
      <node ref="D3" pin="2"/>
      <node ref="D1" pin="1"/>
    </net>
    <net code="38" name="Net-(U1-Pad11)">
      <node ref="U1" pin="11"/>
    </net>
    <net code="39" name="Net-(U1-Pad16)">
      <node ref="U1" pin="16"/>
    </net>
    <net code="40" name="Net-(R10-Pad2)">
      <node ref="U1" pin="13"/>
      <node ref="SW1" pin="A"/>
      <node ref="R10" pin="2"/>
    </net>
    <net code="41" name="Net-(R11-Pad2)">
      <node ref="SW1" pin="B"/>
      <node ref="U1" pin="14"/>
      <node ref="R11" pin="2"/>
    </net>
    <net code="42" name="Net-(R12-Pad2)">
      <node ref="R12" pin="2"/>
      <node ref="U1" pin="15"/>
      <node ref="SW1" pin="S2"/>
    </net>
    <net code="43" name="Net-(R9-Pad2)">
      <node ref="U1" pin="12"/>
      <node ref="R9" pin="2"/>
    </net>
    <net code="44" name="Net-(D4-Pad1)">
      <node ref="D4" pin="1"/>
      <node ref="D5" pin="2"/>
    </net>
    <net code="45" name="Net-(J1-PadS)">
      <node ref="J1" pin="S"/>
      <node ref="R1" pin="2"/>
      <node ref="U1" pin="9"/>
    </net>
    <net code="46" name="+5V">
      <node ref="U2" pin="4"/>
      <node ref="U2" pin="8"/>
      <node ref="R6" pin="2"/>
      <node ref="R1" pin="1"/>
      <node ref="D4" pin="2"/>
      <node ref="R2" pin="1"/>
      <node ref="R11" pin="1"/>
      <node ref="R10" pin="1"/>
      <node ref="R12" pin="1"/>
      <node ref="U1" pin="21"/>
    </net>
    <net code="47" name="Net-(D1-Pad2)">
      <node ref="D1" pin="2"/>
      <node ref="D5" pin="1"/>
    </net>
    <net code="48" name="Net-(D3-Pad3)">
      <node ref="R3" pin="1"/>
      <node ref="D3" pin="3"/>
    </net>
    <net code="49" name="Net-(J1-PadT)">
      <node ref="J1" pin="T"/>
      <node ref="R2" pin="2"/>
      <node ref="U1" pin="10"/>
    </net>
    <net code="50" name="Net-(R5-Pad2)">
      <node ref="R7" pin="2"/>
      <node ref="U1" pin="8"/>
      <node ref="R5" pin="2"/>
      <node ref="R8" pin="2"/>
    </net>
    <net code="51" name="Net-(R3-Pad2)">
      <node ref="U1" pin="6"/>
      <node ref="R3" pin="2"/>
    </net>
    <net code="52" name="Net-(Q1-Pad2)">
      <node ref="R5" pin="1"/>
      <node ref="Q1" pin="2"/>
    </net>
    <net code="53" name="Net-(R6-Pad1)">
      <node ref="R6" pin="1"/>
      <node ref="U2" pin="7"/>
      <node ref="RV1" pin="3"/>
    </net>
    <net code="54" name="Net-(Q1-Pad1)">
      <node ref="U2" pin="1"/>
      <node ref="Q1" pin="1"/>
    </net>
    <net code="55" name="Net-(C2-Pad1)">
      <node ref="RV1" pin="2"/>
      <node ref="C2" pin="1"/>
      <node ref="RV1" pin="1"/>
      <node ref="U2" pin="6"/>
      <node ref="U2" pin="2"/>
    </net>
    <net code="56" name="Net-(C1-Pad1)">
      <node ref="C1" pin="1"/>
      <node ref="U2" pin="5"/>
    </net>
    <net code="57" name="Net-(R4-Pad2)">
      <node ref="U1" pin="5"/>
      <node ref="R4" pin="2"/>
    </net>
    <net code="58" name="Net-(D3-Pad4)">
      <node ref="R4" pin="1"/>
      <node ref="D3" pin="4"/>
    </net>
  </nets>
</export>
